"p","n","rho","method","coverage_classic","width_classic","coverage_corrected","width_corrected","rho_default","deff","n_eff","coverage_change","width_change","width_ratio"
0.001,10000,0.01,"Agresti_Coull",0.8615,0.0013235804686747,0.8572,0.0013229841024047,0,1,10000,-0.00430000000000008,-5.96366269999199e-07,0.999549429532912
0.001,10000,0.01,"Clopper_Pearson",0.8838,0.00132313792446598,0.8808,0.00132240489716292,0,1,10000,-0.003,-7.33027303062963e-07,0.999445993278925
0.001,10000,0.01,"Wald",0.791,0.00119846844655564,0.7869,0.0011975747983647,0,1,10000,-0.00409999999999999,-8.9364819094869e-07,0.999254341494332
0.001,10000,0.01,"Wilson",0.8615,0.00126444812323193,0.8572,0.00126378681330547,0,1,10000,-0.00430000000000008,-6.61309926455267e-07,0.99947699718612
0.001,10000,0.05,"Agresti_Coull",0.6131,0.00127376159592185,0.9779,0.00567180001015225,0.000801362675058338,9.01282538790832,1109.52998306348,0.3648,0.0043980384142304,4.45279558459874
0.001,10000,0.05,"Clopper_Pearson",0.6299,0.00126183949632603,0.9803,0.00500610815131918,0.000801362675058338,9.01282538790832,1109.52998306348,0.3504,0.00374426865499315,3.9673097615782
0.001,10000,0.05,"Wald",0.5004,0.00111780600757002,0.9192,0.0026838164356827,0.000801362675058338,9.01282538790832,1109.52998306348,0.4188,0.00156601042811268,2.40096798327019
0.001,10000,0.05,"Wilson",0.6131,0.00121002701529044,0.9527,0.0049510652784328,0.000801362675058338,9.01282538790832,1109.52998306348,0.3396,0.00374103826314236,4.09169813224741
0.001,10000,0.1,"Agresti_Coull",0.463,0.00120265094118074,0.9865,0.012087196469131,0.00218560238111546,22.8538382087735,437.563262181538,0.5235,0.0108845455279503,10.050461073322
0.001,10000,0.1,"Clopper_Pearson",0.478,0.00117911793331745,0.9843,0.0102331618718196,0.00218560238111546,22.8538382087735,437.563262181538,0.5063,0.00905404393850218,8.67865849773706
0.001,10000,0.1,"Wald",0.349,0.00100954640350067,0.9096,0.00348950712257493,0.00218560238111546,22.8538382087735,437.563262181538,0.5606,0.00247996071907425,3.4565098845133
0.001,10000,0.1,"Wilson",0.463,0.00113563790268461,0.9576,0.0103553413161557,0.00218560238111546,22.8538382087735,437.563262181538,0.4946,0.00921970341347112,9.11852386370344
0.001,10000,0.2,"Agresti_Coull",0.2959,0.00108885093427612,0.9948,0.0344190444334915,0.00721290285107125,73.1218156078614,136.758092189999,0.6989,0.0333301934992154,31.6104283424007
0.001,10000,0.2,"Clopper_Pearson",0.3032,0.00104872557556397,0.9905,0.0284800388947988,0.00721290285107125,73.1218156078614,136.758092189999,0.6873,0.0274313133192348,27.1568078040656
0.001,10000,0.2,"Wald",0.2159,0.000834350386811059,0.7485,0.00464994576381351,0.00721290285107125,73.1218156078614,136.758092189999,0.5326,0.00381559537700245,5.57313310728589
0.001,10000,0.2,"Wilson",0.2959,0.00101862262554925,0.9702,0.0290107046581462,0.00721290285107125,73.1218156078614,136.758092189999,0.6743,0.0279920820325969,28.4803262076603
0.001,10000,0.25,"Agresti_Coull",0.2415,0.00102430154470597,0.9953,0.0406718500407015,0.00867793921542917,87.7707142150763,113.933218949269,0.7538,0.0396475484959955,39.7069107734054
0.001,10000,0.25,"Clopper_Pearson",0.2485,0.000977119947792266,0.9916,0.0336331754197575,0.00867793921542917,87.7707142150763,113.933218949269,0.7431,0.0326560554719653,34.4207233674324
0.001,10000,0.25,"Wald",0.1774,0.000742580769443405,0.6622,0.00452930105768113,0.00867793921542917,87.7707142150763,113.933218949269,0.4848,0.00378672028823772,6.09940526883833
0.001,10000,0.25,"Wilson",0.2415,0.000953015652553477,0.973,0.034219480197798,0.00867793921542917,87.7707142150763,113.933218949269,0.7315,0.0332664645452445,35.9065248363041
0.005,10000,0.01,"Agresti_Coull",0.6006,0.0027865295616027,0.9827,0.00852891508555849,0.000656357154116132,7.5629151840072,1322.24145804866,0.3821,0.00574238552395579,3.0607660521832
0.005,10000,0.01,"Clopper_Pearson",0.6134,0.00284208681964066,0.9874,0.00842841784329892,0.000656357154116132,7.5629151840072,1322.24145804866,0.374,0.00558633102365826,2.96557367109727
0.005,10000,0.01,"Wald",0.6054,0.00273328281492345,0.9712,0.00747675853282987,0.000656357154116132,7.5629151840072,1322.24145804866,0.3658,0.00474347571790642,2.73545002076167
0.005,10000,0.01,"Wilson",0.6006,0.00275979504783286,0.9782,0.00802446818959972,0.000656357154116132,7.5629151840072,1322.24145804866,0.3776,0.00526467314176686,2.90763192574788
0.005,10000,0.05,"Agresti_Coull",0.3079,0.00267097042823852,0.9631,0.0171820509490521,0.00217616669944694,22.7594908277699,439.37714053772,0.6552,0.0145110805208136,6.43288700144221
0.005,10000,0.05,"Clopper_Pearson",0.315,0.00271981354530836,0.9703,0.0158298004193266,0.00217616669944694,22.7594908277699,439.37714053772,0.6553,0.0131099868740182,5.82017853636796
0.005,10000,0.05,"Wald",0.3067,0.00260928602044252,0.907,0.0109904541918213,0.00217616669944694,22.7594908277699,439.37714053772,0.6003,0.00838116817137876,4.21205421932141
0.005,10000,0.05,"Wilson",0.3079,0.00264032633505357,0.9476,0.0152904960986117,0.00217616669944694,22.7594908277699,439.37714053772,0.6397,0.0126501697635581,5.7911387299409
0.005,10000,0.1,"Agresti_Coull",0.214,0.00254029466329415,0.9719,0.0335904091079935,0.00566658357464761,57.6601691629014,173.429945579036,0.7579,0.0310501144446993,13.2230365214541
0.005,10000,0.1,"Clopper_Pearson",0.2199,0.00257924090075744,0.975,0.0296319517063397,0.00566658357464761,57.6601691629014,173.429945579036,0.7551,0.0270527108055823,11.4886328367536
0.005,10000,0.1,"Wald",0.2128,0.00246370896519696,0.9018,0.014490515799154,0.00566658357464761,57.6601691629014,173.429945579036,0.689,0.012026806833957,5.88158585443777
0.005,10000,0.1,"Wilson",0.214,0.00250420565312377,0.9475,0.0292818730128787,0.00566658357464761,57.6601691629014,173.429945579036,0.7335,0.0267776673597549,11.6930783924844
0.005,10000,0.2,"Agresti_Coull",0.1284,0.00229014312082505,0.9865,0.0798688471912225,0.016738186301721,168.365124830908,59.3947232839531,0.8581,0.0775787040703974,34.8750462208881
0.005,10000,0.2,"Clopper_Pearson",0.1309,0.00230834683559772,0.9849,0.0688615985839603,0.016738186301721,168.365124830908,59.3947232839531,0.854,0.0665532517483625,29.8315649632995
0.005,10000,0.2,"Wald",0.1265,0.00217105953673256,0.8331,0.0189397218706262,0.016738186301721,168.365124830908,59.3947232839531,0.7066,0.0167686623338936,8.7237229335177
0.005,10000,0.2,"Wilson",0.1284,0.00224440855410036,0.9632,0.068415624778528,0.016738186301721,168.365124830908,59.3947232839531,0.8348,0.0661712162244276,30.4826965008388
0.005,10000,0.25,"Agresti_Coull",0.1081,0.00214999078168655,0.9873,0.101592912581044,0.0223131328647152,224.109015514287,44.6211410864125,0.8792,0.0994429217993573,47.2527200797345
0.005,10000,0.25,"Clopper_Pearson",0.1113,0.00215706033555706,0.9855,0.087894420134985,0.0223131328647152,224.109015514287,44.6211410864125,0.8742,0.085737359799428,40.747316468682
0.005,10000,0.25,"Wald",0.1072,0.00200355835589521,0.799,0.0200325883687669,0.0223131328647152,224.109015514287,44.6211410864125,0.6918,0.0180290300128716,9.99850506466334
0.005,10000,0.25,"Wilson",0.1081,0.00209981246048141,0.9591,0.0868124904284164,0.0223131328647152,224.109015514287,44.6211410864125,0.851,0.084712677967935,41.3429732712957
0.01,10000,0.01,"Agresti_Coull",0.4981,0.00389904659624209,0.9884,0.016313020144715,0.00130916534869897,14.090344321641,709.705864649542,0.4903,0.0124139735484729,4.18384847219768
0.01,10000,0.01,"Clopper_Pearson",0.5093,0.00396831380604925,0.9936,0.016225093263436,0.00130916534869897,14.090344321641,709.705864649542,0.4843,0.0122567794573868,4.08866184894518
0.01,10000,0.01,"Wald",0.4923,0.00386247878736984,0.9829,0.0145079693847941,0.00130916534869897,14.090344321641,709.705864649542,0.4906,0.0106454905974243,3.75612920703529
0.01,10000,0.01,"Wilson",0.4981,0.00388044458666989,0.9846,0.0154273829904273,0.00130916534869897,14.090344321641,709.705864649542,0.4865,0.0115469384037574,3.97567408730006
0.01,10000,0.05,"Agresti_Coull",0.2383,0.00374163335157705,0.9656,0.0325584028821848,0.00415493867532809,42.5452318146055,235.043965527696,0.7273,0.0288167695306078,8.70165508559567
0.01,10000,0.05,"Clopper_Pearson",0.2423,0.00380674856113221,0.9741,0.0302912490953869,0.00415493867532809,42.5452318146055,235.043965527696,0.7318,0.0264845005342547,7.95724976550006
0.01,10000,0.05,"Wald",0.2322,0.00370000984029979,0.924,0.021651413036123,0.00415493867532809,42.5452318146055,235.043965527696,0.6918,0.0179514031958232,5.85171769012612
0.01,10000,0.05,"Wilson",0.2383,0.00372057276328547,0.9511,0.0290845942738538,0.00415493867532809,42.5452318146055,235.043965527696,0.7128,0.0253640215105683,7.81723571189359
0.01,10000,0.1,"Agresti_Coull",0.1612,0.00358757944792565,0.9711,0.0547430599189069,0.00901740154689176,91.1649980673707,109.691221543273,0.8099,0.0511554804709812,15.2590516010898
0.01,10000,0.1,"Clopper_Pearson",0.1654,0.00364639462602221,0.9752,0.0492384267761871,0.00901740154689176,91.1649980673707,109.691221543273,0.8098,0.0455920321501649,13.503318161123
0.01,10000,0.1,"Wald",0.1585,0.00353787982290634,0.9005,0.0266059588518027,0.00901740154689176,91.1649980673707,109.691221543273,0.742,0.0230680790288964,7.52031165093283
0.01,10000,0.1,"Wilson",0.1612,0.00356284581760544,0.952,0.0480577656541371,0.00901740154689176,91.1649980673707,109.691221543273,0.7908,0.0444949198365316,13.4885897718797
0.01,10000,0.2,"Agresti_Coull",0.1074,0.00319842459570467,0.9823,0.115641985595764,0.0243079582444157,244.055274485913,40.974324447871,0.8749,0.11244356100006,36.1559205588483
0.01,10000,0.2,"Clopper_Pearson",0.1093,0.0032405380497405,0.9837,0.102440486357397,0.0243079582444157,244.055274485913,40.974324447871,0.8744,0.0991999483076562,31.6121843919098
0.01,10000,0.2,"Wald",0.1043,0.00312165847853507,0.849,0.0341826068462545,0.0243079582444157,244.055274485913,40.974324447871,0.7447,0.0310609483677194,10.95014303496
0.01,10000,0.2,"Wilson",0.1074,0.00316480676449365,0.957,0.100017445928469,0.0243079582444157,244.055274485913,40.974324447871,0.8496,0.0968526391639751,31.6030182476152
0.01,10000,0.25,"Agresti_Coull",0.0883,0.00307849512421548,0.9809,0.150536630591744,0.0339119793120033,340.085881140721,29.4043374175307,0.8926,0.147458135467529,48.8994214762991
0.01,10000,0.25,"Clopper_Pearson",0.0905,0.00311088228652527,0.982,0.134580083324386,0.0339119793120033,340.085881140721,29.4043374175307,0.8915,0.131469201037861,43.2610658099527
0.01,10000,0.25,"Wald",0.0855,0.0029811137998848,0.8089,0.0379059429319279,0.0339119793120033,340.085881140721,29.4043374175307,0.7234,0.0349248291320431,12.7153626048736
0.01,10000,0.25,"Wilson",0.0883,0.00304048900695832,0.9542,0.130035882164139,0.0339119793120033,340.085881140721,29.4043374175307,0.8659,0.126995393157181,42.7680816692794
0.02,10000,0.01,"Agresti_Coull",0.4105,0.00546954087157305,0.9641,0.0221892515090139,0.0013727079602002,14.7257068940418,679.084547312708,0.5536,0.0167197106374408,4.05687644173911
0.02,10000,0.01,"Clopper_Pearson",0.4159,0.00554883965787017,0.9718,0.0225427753476934,0.0013727079602002,14.7257068940418,679.084547312708,0.5559,0.0169939356898233,4.0626106965841
0.02,10000,0.01,"Wald",0.4061,0.00544523411062995,0.9553,0.0208731691743009,0.0013727079602002,14.7257068940418,679.084547312708,0.5492,0.015427935063671,3.83329141598397
0.02,10000,0.01,"Wilson",0.4105,0.00545688298845467,0.9593,0.0215154942592326,0.0013727079602002,14.7257068940418,679.084547312708,0.5488,0.0160586112707779,3.94281759472463
0.02,10000,0.05,"Agresti_Coull",0.195,0.00531962446439764,0.9675,0.0582184845448656,0.00728091768541191,73.8018959364336,135.497874046666,0.7725,0.052898860080468,10.9440966997767
0.02,10000,0.05,"Clopper_Pearson",0.1975,0.00539671433875724,0.9771,0.0551786429129486,0.00728091768541191,73.8018959364336,135.497874046666,0.7796,0.0497819285741913,10.2244883551971
0.02,10000,0.05,"Wald",0.1918,0.00529263644840102,0.942,0.0415826567265582,0.00728091768541191,73.8018959364336,135.497874046666,0.7502,0.0362900202781571,7.85669998911806
0.02,10000,0.05,"Wilson",0.195,0.00530565193421085,0.9558,0.0524769759723754,0.00728091768541191,73.8018959364336,135.497874046666,0.7608,0.0471713240381646,9.89076867896363
0.02,10000,0.1,"Agresti_Coull",0.1327,0.00508558475512008,0.9688,0.0925288778130681,0.015013850270207,151.123488851799,66.1710504169646,0.8361,0.087443293057948,18.1943438696822
0.02,10000,0.1,"Clopper_Pearson",0.1342,0.00515889053750013,0.9764,0.0853260630551009,0.015013850270207,151.123488851799,66.1710504169646,0.8422,0.0801671725176008,16.5396149491568
0.02,10000,0.1,"Wald",0.1312,0.00505399132449245,0.9049,0.0505873495636978,0.015013850270207,151.123488851799,66.1710504169646,0.7737,0.0455333582392054,10.0093859121885
0.02,10000,0.1,"Wilson",0.1327,0.00506936968726857,0.9532,0.08191805972906,0.015013850270207,151.123488851799,66.1710504169646,0.8205,0.0768486900417915,16.1594172022594
0.02,10000,0.2,"Agresti_Coull",0.0799,0.0046792038530963,0.9732,0.171354767887126,0.0364869714730913,365.83322775944,27.3348598246403,0.8933,0.16667556403403,36.6204964064001
0.02,10000,0.2,"Clopper_Pearson",0.0812,0.00474123981392049,0.9788,0.15760353606289,0.0364869714730913,365.83322775944,27.3348598246403,0.8976,0.15286229624897,33.2409965005692
0.02,10000,0.2,"Wald",0.0788,0.00463163041757979,0.8515,0.0637502771603368,0.0364869714730913,365.83322775944,27.3348598246403,0.7727,0.059118646742757,13.7641114278822
0.02,10000,0.2,"Wilson",0.0799,0.00465664759214428,0.952,0.150168690275924,0.0364869714730913,365.83322775944,27.3348598246403,0.8721,0.14551204268378,32.2482402424562
0.02,10000,0.25,"Agresti_Coull",0.0657,0.00447700471897125,0.9741,0.213522373413068,0.0497138016406722,498.088302605081,20.0767613848758,0.9084,0.209045368694096,47.6931311928865
0.02,10000,0.25,"Clopper_Pearson",0.067,0.00453249237529228,0.9807,0.198780647042162,0.0497138016406722,498.088302605081,20.0767613848758,0.9137,0.19424815466687,43.8568078185336
0.02,10000,0.25,"Wald",0.0657,0.00441857326656531,0.8224,0.0693842286943985,0.0497138016406722,498.088302605081,20.0767613848758,0.7567,0.0649656554278332,15.7028580287258
0.02,10000,0.25,"Wilson",0.0657,0.00445101766997669,0.9525,0.187001629100471,0.0497138016406722,498.088302605081,20.0767613848758,0.8868,0.182550611430494,42.013229999478
0.05,10000,0.01,"Agresti_Coull",0.3087,0.00849623792330047,0.9585,0.0423871649072918,0.00222943518483509,23.2921224131661,429.329703090836,0.6498,0.0338909269839913,4.98893337144518
0.05,10000,0.01,"Clopper_Pearson",0.3115,0.0085849372158305,0.9647,0.0434909555743252,0.00222943518483509,23.2921224131661,429.329703090836,0.6532,0.0349060183584947,5.06596081962353
0.05,10000,0.01,"Wald",0.3101,0.00848357540358631,0.9467,0.0410246016809179,0.00222943518483509,23.2921224131661,429.329703090836,0.6366,0.0325410262773316,4.83576790790064
0.05,10000,0.01,"Wilson",0.3087,0.0084890967384328,0.9549,0.0416257497816722,0.00222943518483509,23.2921224131661,429.329703090836,0.6462,0.0331366530432394,4.90343685132241
0.05,10000,0.05,"Agresti_Coull",0.1368,0.00828376845638043,0.962,0.106778937338101,0.0122159354563175,123.147138627718,81.2036731948003,0.8252,0.0984951688817202,12.890140266518
0.05,10000,0.05,"Clopper_Pearson",0.1383,0.00837136577961644,0.9745,0.105677706610009,0.0122159354563175,123.147138627718,81.2036731948003,0.8362,0.0973063408303929,12.6237115175788
0.05,10000,0.05,"Wald",0.1377,0.00826975590803514,0.9319,0.0886767479891022,0.0122159354563175,123.147138627718,81.2036731948003,0.7942,0.080406992081067,10.723018789822
0.05,10000,0.05,"Wilson",0.1368,0.00827597475019098,0.956,0.0989288023614764,0.0122159354563175,123.147138627718,81.2036731948003,0.8192,0.0906528276112854,11.9537341941737
0.05,10000,0.1,"Agresti_Coull",0.0968,0.00804667527299105,0.9611,0.16641712143702,0.0258308541463101,259.282710608955,38.5679399004811,0.8643,0.158370446164029,20.6814759874311
0.05,10000,0.1,"Clopper_Pearson",0.0976,0.00813261552068534,0.9746,0.161229771257372,0.0258308541463101,259.282710608955,38.5679399004811,0.877,0.153097155736686,19.8250822072288
0.05,10000,0.1,"Wald",0.0967,0.00803064012495905,0.9139,0.112539548925808,0.0258308541463101,259.282710608955,38.5679399004811,0.8172,0.104508908800849,14.0137706552231
0.05,10000,0.1,"Wilson",0.0968,0.0080378982822548,0.9496,0.150368369222294,0.0258308541463101,259.282710608955,38.5679399004811,0.8528,0.142330470940039,18.7074237495964
0.05,10000,0.2,"Agresti_Coull",0.0617,0.00749953387352998,0.9627,0.276034148066621,0.0608075967439143,609.015159842399,16.4199525059242,0.901,0.268534614193091,36.8068406279088
0.05,10000,0.2,"Clopper_Pearson",0.0623,0.00758031785519544,0.9776,0.270561813829723,0.0608075967439143,609.015159842399,16.4199525059242,0.9153,0.262981495974528,35.6926739746519
0.05,10000,0.2,"Wald",0.0627,0.00747703269358571,0.869,0.140630580875876,0.0608075967439143,609.015159842399,16.4199525059242,0.8063,0.13315354818229,18.8083410410279
0.05,10000,0.2,"Wilson",0.0617,0.00748772822647947,0.9493,0.247435002752287,0.0608075967439143,609.015159842399,16.4199525059242,0.8876,0.239947274525808,33.0454037951407
0.05,10000,0.25,"Agresti_Coull",0.0482,0.00724384683023008,0.961,0.310641792871919,0.0747323719217884,748.248986845962,13.3645353028171,0.9128,0.303397946041688,42.8835396650776
0.05,10000,0.25,"Clopper_Pearson",0.0487,0.00732109869555381,0.9786,0.307630133515895,0.0747323719217884,748.248986845962,13.3645353028171,0.9299,0.300309034820341,42.0196675811408
0.05,10000,0.25,"Wald",0.0482,0.00721655046417626,0.8297,0.146065043156907,0.0747323719217884,748.248986845962,13.3645353028171,0.7815,0.13884849269273,20.2402856991009
0.05,10000,0.25,"Wilson",0.0482,0.00723002294012422,0.9489,0.278374125423832,0.0747323719217884,748.248986845962,13.3645353028171,0.9007,0.271144102483708,38.5025231218767
